Order_ID,Order_Preparation_Time (min),Delivery_Distance (km),Order_Size (items),Time_of_Day,Traffic_Condition,Weather,Delivery_Time (min)
1,17.5,7.8,6,Morning,High,Clear,53.0
2,14.3,6.85,7,Evening,Medium,Cloudy,58.3
3,18.2,5.12,6,Evening,High,Clear,50.4
4,22.6,3.71,3,Night,Medium,Cloudy,43.7
5,13.8,6.4,3,Night,Medium,Rainy,47.6
6,13.8,5.79,3,Evening,Jam,Rainy,52.1
7,22.9,6.79,6,Night,Low,Cloudy,49.7
8,18.8,6.27,4,Evening,Low,Clear,45.2
9,12.7,7.1,5,Morning,Medium,Rainy,45.6
10,17.7,3.93,5,Morning,Medium,Clear,44.5
11,12.7,7.63,2,Afternoon,Medium,Rainy,49.7
12,12.7,5.4,5,Morning,High,Clear,44.7
13,16.2,9.15,5,Evening,Medium,Clear,54.1
14,5.4,3.62,3,Night,Medium,Cloudy,26.5
15,6.4,8.47,3,Afternoon,Low,Clear,38.1
16,12.2,5.4,6,Night,Medium,Clear,42.3
17,9.9,3.7,2,Evening,Low,Clear,26.3
18,16.6,4.03,1,Morning,Low,Clear,31.8
19,10.5,4.36,7,Afternoon,Medium,Clear,45.1
20,7.9,5.85,2,Evening,Low,Clear,25.7
21,22.3,6.05,2,Afternoon,Low,Clear,40.5
22,13.9,3.85,4,Afternoon,Low,Clear,33.6
23,15.3,4.95,6,Morning,Jam,Cloudy,54.6
24,7.9,9.28,4,Evening,Jam,Clear,47.3
25,12.3,8.46,2,Night,Medium,Rainy,50.3
26,15.6,5.87,2,Afternoon,Jam,Rainy,51.7
27,9.2,5.08,2,Afternoon,High,Clear,33.1
28,16.9,5.24,5,Night,Medium,Cloudy,51.9
29,12.0,6.23,7,Evening,Low,Rainy,47.0
30,13.5,2.95,7,Afternoon,High,Stormy,45.5
31,12.0,4.49,4,Afternoon,High,Cloudy,46.9
32,24.3,1.66,2,Afternoon,Medium,Clear,37.6
33,14.9,5.8,7,Evening,High,Cloudy,54.7
34,9.7,6.29,3,Evening,Medium,Cloudy,34.9
35,19.1,4.03,7,Night,High,Cloudy,58.8
36,8.9,8.15,6,Evening,Jam,Clear,58.7
37,16.0,2.55,6,Evening,Medium,Rainy,39.4
38,5.2,2.07,7,Morning,High,Stormy,41.1
39,8.4,5.45,3,Night,Medium,Clear,35.2
40,16.0,7.09,6,Afternoon,Medium,Clear,46.1
41,18.7,8.37,5,Evening,High,Clear,63.9
42,15.9,4.08,7,Afternoon,Low,Rainy,40.5
43,14.4,7.16,5,Afternoon,Medium,Cloudy,50.2
44,13.5,4.92,7,Morning,Low,Cloudy,35.6
45,7.6,4.65,1,Evening,Medium,Clear,24.2
46,11.4,6.77,1,Night,Medium,Cloudy,40.2
47,12.7,6.3,1,Evening,High,Clear,40.7
48,20.3,1.85,6,Afternoon,Low,Clear,35.5
49,16.7,7.95,5,Night,Medium,Cloudy,54.6
50,6.2,7.76,5,Evening,Low,Stormy,45.2
51,16.6,3.75,5,Afternoon,High,Rainy,49.7
52,13.1,5.79,3,Afternoon,Jam,Rainy,47.3
53,11.6,5.99,5,Morning,Jam,Clear,56.0
54,18.1,5.52,3,Morning,High,Clear,51.3
55,20.2,3.9,1,Morning,High,Cloudy,46.9
56,19.7,3.66,1,Afternoon,Low,Rainy,36.6
57,10.8,4.95,6,Evening,Medium,Clear,43.9
58,13.5,7.35,7,Morning,Medium,Clear,50.3
59,16.7,6.09,1,Evening,High,Clear,39.7
60,19.9,4.26,7,Morning,Jam,Cloudy,61.3
61,12.6,6.54,7,Night,Low,Clear,35.6
62,14.1,0.5,6,Night,Jam,Clear,39.5
63,9.5,7.3,2,Morning,Medium,Clear,34.7
64,9.0,1.52,2,Afternoon,Medium,Clear,23.1
65,19.1,4.28,4,Morning,Low,Rainy,41.6
66,21.8,2.76,6,Morning,Low,Clear,33.9
67,14.6,2.41,4,Afternoon,Medium,Cloudy,36.7
68,20.0,7.32,4,Night,Medium,Cloudy,48.9
69,16.8,4.06,2,Evening,Low,Rainy,34.9
70,11.8,5.69,6,Morning,Medium,Clear,36.0
71,16.8,4.91,2,Afternoon,High,Stormy,58.3
72,22.7,5.95,4,Morning,High,Cloudy,62.6
73,14.8,5.15,6,Afternoon,Jam,Stormy,58.1
74,22.8,2.43,4,Evening,Medium,Rainy,44.8
75,5.0,6.99,5,Evening,Medium,Clear,38.6
76,19.1,4.01,7,Night,High,Clear,51.0
77,15.4,1.89,6,Afternoon,Medium,Clear,37.8
78,13.5,4.14,6,Afternoon,Low,Cloudy,35.3
79,15.5,8.0,7,Night,Low,Clear,43.6
80,5.1,6.7,4,Night,Medium,Clear,38.4
81,13.9,4.3,5,Afternoon,Low,Clear,32.9
82,16.8,4.3,3,Night,Medium,Clear,43.0
83,22.4,4.36,7,Evening,Low,Clear,46.5
84,12.4,9.15,2,Morning,Low,Clear,36.6
85,11.0,5.76,4,Evening,Medium,Clear,31.8
86,12.5,5.86,7,Night,Medium,Clear,47.4
87,19.6,7.06,7,Afternoon,Medium,Clear,55.3
88,16.6,5.48,6,Afternoon,Low,Clear,31.2
89,12.4,4.48,2,Evening,Low,Rainy,35.5
90,17.6,4.61,2,Afternoon,Medium,Cloudy,40.3
91,15.5,4.86,2,Night,Medium,Clear,36.3
92,19.8,4.93,7,Evening,Medium,Clear,55.2
93,11.5,6.46,3,Afternoon,Medium,Rainy,39.7
94,13.4,5.1,1,Morning,Jam,Rainy,54.1
95,13.0,6.47,4,Morning,Medium,Rainy,42.0
96,7.7,4.84,1,Night,Medium,Cloudy,31.3
97,16.5,5.16,7,Afternoon,Medium,Clear,42.9
98,16.3,1.0,1,Night,Medium,Clear,25.5
99,15.0,6.83,7,Evening,Medium,Clear,48.8
100,13.8,5.69,1,Morning,Medium,Rainy,38.0
101,7.9,7.0,2,Evening,High,Cloudy,42.2
102,12.9,0.5,5,Afternoon,Low,Cloudy,20.0
103,13.3,9.18,2,Night,Low,Clear,36.1
104,11.0,4.72,2,Night,Medium,Rainy,39.9
105,14.2,7.22,6,Night,High,Clear,50.7
106,17.0,2.92,6,Evening,Low,Clear,34.5
107,24.4,6.23,1,Morning,Jam,Clear,60.1
108,15.9,2.89,7,Evening,Medium,Cloudy,44.5
109,16.3,3.75,2,Evening,Jam,Clear,42.8
110,14.6,8.83,1,Afternoon,Jam,Rainy,60.3
111,5.4,4.62,6,Afternoon,Medium,Clear,32.0
112,14.9,5.43,5,Afternoon,Low,Cloudy,44.1
113,15.3,6.74,4,Morning,Low,Cloudy,44.2
114,27.3,5.99,1,Morning,Low,Clear,47.1
115,14.0,5.3,5,Afternoon,High,Rainy,49.5
116,16.5,5.73,4,Afternoon,Low,Cloudy,37.5
117,14.8,9.81,3,Morning,Medium,Cloudy,46.2
118,9.2,4.88,1,Night,Medium,Rainy,30.7
119,20.7,5.4,1,Morning,Jam,Cloudy,53.6
120,18.8,7.1,3,Morning,Low,Clear,38.5
121,19.0,7.21,3,Morning,Low,Cloudy,43.1
122,10.5,7.37,1,Afternoon,Low,Clear,27.6
123,22.0,6.28,3,Night,Jam,Clear,52.1
124,8.0,2.71,2,Morning,Medium,Clear,22.6
125,17.9,8.27,4,Afternoon,Low,Cloudy,43.9
126,26.0,2.71,4,Evening,Low,Cloudy,38.6
127,10.0,5.61,4,Evening,Low,Clear,33.5
128,12.2,3.49,2,Morning,Low,Cloudy,25.5
129,15.5,4.87,7,Evening,Jam,Rainy,59.6
130,12.5,5.66,3,Night,High,Clear,43.0
131,7.2,5.64,5,Evening,Medium,Clear,33.6
132,15.3,5.84,3,Evening,High,Cloudy,44.5
133,9.7,8.23,1,Night,Low,Clear,35.0
134,17.4,5.91,6,Morning,High,Cloudy,59.1
135,10.4,4.51,4,Morning,High,Clear,39.5
136,22.7,6.93,3,Night,Medium,Clear,48.1
137,11.1,7.38,5,Night,High,Cloudy,54.3
138,13.4,2.54,1,Night,Low,Cloudy,23.2
139,19.1,6.19,2,Evening,Low,Rainy,42.0
140,8.8,6.4,7,Night,Low,Rainy,42.9
141,16.1,4.4,2,Afternoon,Medium,Cloudy,43.0
142,21.5,7.75,5,Evening,High,Cloudy,59.8
143,7.0,4.7,1,Morning,Jam,Clear,36.8
144,15.9,5.25,4,Morning,Medium,Cloudy,43.2
145,16.3,4.65,3,Morning,High,Clear,39.9
146,18.9,5.03,1,Evening,High,Rainy,50.3
147,8.8,2.81,7,Afternoon,Low,Clear,24.8
148,8.4,2.12,2,Night,Medium,Cloudy,24.4
149,17.6,8.19,7,Night,Low,Clear,53.6
150,16.5,3.31,7,Morning,Medium,Cloudy,50.1
151,16.3,3.02,5,Morning,Jam,Rainy,50.4
152,16.7,0.69,5,Evening,Low,Clear,25.6
153,11.6,3.72,3,Afternoon,High,Rainy,41.4
154,16.2,2.35,5,Night,Medium,Clear,37.1
155,16.5,8.28,5,Evening,Medium,Cloudy,49.0
156,11.4,7.02,1,Night,Medium,Rainy,36.4
157,24.3,3.62,4,Morning,Medium,Clear,42.8
158,17.4,9.5,3,Night,Low,Stormy,58.2
159,9.0,6.96,1,Afternoon,Low,Clear,27.9
160,18.3,4.35,4,Afternoon,Low,Clear,39.5
161,10.1,0.5,7,Morning,Medium,Rainy,33.8
162,18.9,9.58,1,Afternoon,Low,Clear,44.5
163,20.8,2.22,6,Afternoon,High,Stormy,50.4
164,10.9,1.71,1,Evening,Medium,Stormy,30.6
165,19.8,7.05,5,Night,Medium,Clear,58.5
166,17.1,9.88,4,Morning,Medium,Cloudy,65.2
167,19.1,7.77,3,Morning,Medium,Clear,58.3
168,24.5,6.13,3,Morning,Jam,Clear,66.4
169,13.8,6.19,4,Morning,Low,Clear,33.9
170,11.2,6.71,5,Morning,Low,Clear,29.8
171,10.6,6.52,2,Afternoon,High,Clear,43.4
172,10.9,5.56,1,Evening,Low,Clear,33.8
173,14.6,5.21,5,Morning,Low,Stormy,46.4
174,16.7,4.87,6,Evening,Medium,Rainy,47.3
175,16.4,3.49,7,Evening,Low,Cloudy,40.4
176,19.1,4.44,4,Afternoon,Medium,Cloudy,40.1
177,15.1,1.61,1,Morning,Low,Rainy,25.7
178,22.3,4.8,3,Afternoon,High,Clear,50.5
179,13.7,3.02,7,Morning,High,Cloudy,37.8
180,28.6,2.79,2,Afternoon,Medium,Stormy,52.7
181,18.1,5.36,6,Evening,Medium,Clear,47.4
182,10.7,7.78,3,Morning,High,Cloudy,50.7
183,9.6,6.84,4,Night,Low,Rainy,49.8
184,17.4,1.86,1,Evening,High,Rainy,38.2
185,13.9,3.02,4,Night,High,Cloudy,35.2
186,18.6,6.88,7,Evening,High,Clear,57.0
187,17.4,3.04,1,Afternoon,Medium,Clear,33.0
188,14.6,4.55,5,Morning,Low,Clear,32.8
189,10.8,6.1,2,Evening,Medium,Cloudy,41.6
190,7.4,3.06,5,Afternoon,High,Clear,31.3
191,12.8,5.21,5,Morning,Low,Rainy,39.3
192,19.3,2.33,4,Morning,High,Clear,41.3
193,16.1,3.8,7,Evening,Low,Clear,40.3
194,8.8,5.64,2,Morning,Low,Clear,28.3
195,15.9,1.81,1,Evening,Low,Cloudy,24.7
196,16.9,5.88,1,Morning,Low,Clear,37.8
197,10.6,4.96,6,Night,Medium,Clear,38.4
198,15.8,6.1,3,Afternoon,Low,Clear,31.4
199,15.3,5.45,6,Night,Jam,Clear,50.8
200,9.3,7.73,6,Evening,Medium,Clear,40.3
201,16.8,5.25,1,Night,Low,Rainy,35.1
202,17.8,4.14,4,Evening,Medium,Cloudy,40.9
203,20.4,5.24,5,Morning,High,Clear,55.0
204,20.3,6.09,7,Morning,High,Rainy,70.4
205,8.1,5.1,5,Evening,Low,Stormy,37.8
206,10.3,5.08,5,Night,High,Cloudy,44.1
207,17.6,3.6,2,Morning,High,Cloudy,43.7
208,17.6,3.67,1,Afternoon,Low,Rainy,32.3
209,17.6,2.19,7,Morning,Low,Stormy,46.2
210,34.3,8.5,4,Afternoon,Medium,Cloudy,81.5
211,17.9,2.51,2,Night,Low,Clear,26.4
212,20.7,3.61,3,Afternoon,High,Cloudy,47.1
213,19.8,3.56,4,Afternoon,Medium,Cloudy,42.6
214,18.3,6.79,6,Afternoon,Jam,Clear,52.7
215,13.4,4.41,4,Afternoon,Medium,Clear,40.1
216,18.8,7.5,4,Morning,Low,Rainy,47.0
217,11.1,3.65,5,Afternoon,Low,Cloudy,29.5
218,13.8,5.56,4,Morning,Medium,Clear,41.3
219,12.6,3.33,6,Afternoon,High,Cloudy,42.9
220,15.4,9.29,6,Evening,High,Clear,61.8
221,26.6,2.62,1,Night,Low,Clear,34.9
222,5.7,5.62,4,Afternoon,Low,Cloudy,33.3
223,18.4,6.27,5,Evening,Low,Clear,44.4
224,6.9,5.83,4,Afternoon,Medium,Clear,37.9
225,12.6,4.63,3,Afternoon,Low,Stormy,37.0
226,20.4,4.74,3,Afternoon,Medium,Clear,47.6
227,15.3,5.09,5,Evening,Medium,Clear,39.0
228,9.6,4.71,1,Night,Jam,Stormy,51.5
229,11.4,6.93,1,Evening,Medium,Cloudy,34.3
230,18.4,9.42,6,Night,Low,Cloudy,59.0
231,11.3,3.89,6,Afternoon,Medium,Rainy,37.2
232,16.1,2.26,2,Morning,Medium,Clear,31.2
233,15.2,4.82,5,Afternoon,Medium,Cloudy,40.0
234,11.7,10.16,4,Night,Jam,Cloudy,57.6
235,25.7,3.39,7,Evening,High,Rainy,59.4
236,18.2,8.28,5,Afternoon,Low,Cloudy,60.3
237,5.0,8.36,2,Evening,Low,Cloudy,42.1
238,15.9,3.89,6,Evening,Medium,Clear,36.7
239,11.7,6.14,5,Evening,High,Clear,50.5
240,19.3,8.26,5,Afternoon,Low,Cloudy,55.8
241,11.0,4.24,6,Evening,Medium,Cloudy,33.4
242,14.4,4.59,2,Evening,Medium,Cloudy,33.3
243,17.5,3.84,6,Afternoon,Low,Clear,40.1
244,19.3,2.97,1,Evening,Medium,Cloudy,39.8
245,9.0,3.7,4,Afternoon,Jam,Cloudy,43.9
246,13.3,2.55,6,Night,Low,Rainy,32.0
247,12.6,5.07,2,Night,Medium,Cloudy,36.7
248,11.7,3.46,3,Night,Medium,Rainy,35.4
249,23.8,5.47,1,Evening,High,Rainy,59.7
250,17.0,1.89,3,Morning,Jam,Cloudy,43.2
251,8.7,5.66,7,Morning,Medium,Cloudy,34.3
252,19.6,6.67,6,Evening,High,Rainy,69.1
253,25.6,1.01,1,Morning,Medium,Cloudy,36.1
254,20.2,5.75,4,Afternoon,Medium,Rainy,56.8
255,7.4,7.46,6,Morning,Low,Cloudy,34.4
256,12.6,2.58,4,Evening,Low,Cloudy,24.3
257,21.3,8.35,5,Evening,Low,Clear,49.6
258,11.5,5.84,3,Afternoon,Medium,Clear,38.1
259,17.2,3.59,1,Night,Low,Stormy,35.9
260,18.9,4.89,4,Evening,Jam,Cloudy,55.3
261,10.4,6.12,2,Afternoon,Low,Cloudy,33.8
262,14.7,5.15,4,Morning,Low,Rainy,42.5
263,5.0,6.08,2,Morning,Medium,Cloudy,26.1
264,9.9,3.16,6,Afternoon,High,Cloudy,39.0
265,13.7,5.34,1,Afternoon,Low,Cloudy,28.5
266,8.8,2.17,4,Evening,Medium,Cloudy,25.4
267,23.2,4.78,7,Morning,Jam,Clear,51.9
268,7.8,3.19,4,Afternoon,Low,Clear,22.4
269,12.8,3.53,7,Morning,Medium,Clear,38.9
270,15.7,7.47,1,Afternoon,High,Clear,50.0
271,22.2,7.18,4,Morning,Low,Cloudy,46.9
272,7.8,6.22,2,Night,Medium,Clear,30.7
273,20.8,2.82,4,Evening,Medium,Clear,35.7
274,15.1,4.37,3,Morning,Medium,Clear,41.7
275,10.1,7.43,6,Night,Low,Clear,45.7
276,17.3,5.28,5,Morning,Low,Cloudy,37.3
277,16.0,9.64,2,Morning,Medium,Rainy,59.3
278,12.0,5.79,3,Night,Low,Cloudy,37.6
279,15.3,5.38,7,Morning,High,Clear,55.0
280,13.1,4.38,6,Morning,Medium,Clear,37.4
281,15.6,5.27,1,Evening,Medium,Clear,34.7
282,18.3,4.7,2,Night,High,Cloudy,43.4
283,22.9,6.42,5,Night,Medium,Clear,54.8
284,8.8,6.91,6,Afternoon,Low,Cloudy,41.2
285,25.7,3.43,7,Morning,Jam,Clear,60.0
286,5.2,2.34,5,Evening,Low,Rainy,25.4
287,14.2,1.33,1,Morning,Low,Clear,20.1
288,17.9,6.02,1,Morning,High,Clear,52.5
289,16.4,2.79,7,Afternoon,Medium,Rainy,44.6
290,11.9,0.69,2,Morning,Medium,Clear,21.8
291,14.0,5.78,7,Evening,Low,Clear,47.8
292,12.5,9.99,4,Evening,Medium,Cloudy,52.8
293,12.1,4.99,1,Afternoon,Low,Cloudy,26.8
294,19.2,6.68,6,Morning,Jam,Cloudy,63.8
295,16.8,5.16,4,Evening,Low,Clear,31.9
296,11.5,4.8,3,Morning,High,Clear,41.2
297,19.5,6.84,5,Morning,Medium,Clear,52.9
298,16.5,4.42,4,Morning,High,Clear,45.9
299,19.1,5.53,5,Afternoon,High,Rainy,64.9
300,18.1,5.64,7,Morning,Medium,Cloudy,48.1
301,10.9,3.66,4,Evening,Medium,Clear,30.3
302,12.2,6.98,7,Morning,Low,Cloudy,40.0
303,18.7,4.65,3,Evening,Low,Clear,40.5
304,18.1,3.49,1,Morning,High,Rainy,43.9
305,14.9,6.07,3,Evening,High,Clear,46.6
306,15.6,3.2,1,Evening,Medium,Clear,33.3
307,21.4,5.06,7,Morning,Low,Cloudy,50.5
308,12.0,4.98,1,Morning,Medium,Cloudy,32.8
309,17.7,7.17,5,Evening,Medium,Cloudy,61.7
310,14.0,5.95,6,Night,Medium,Clear,53.3
311,13.9,4.95,3,Afternoon,High,Clear,40.6
312,20.5,6.64,4,Night,Jam,Clear,61.1
313,19.1,7.78,3,Night,Low,Clear,53.0
314,19.1,6.12,5,Morning,Medium,Rainy,46.0
315,21.5,5.02,1,Afternoon,Medium,Clear,42.3
316,15.1,2.38,5,Night,Medium,Clear,34.3
317,18.4,2.87,2,Morning,Low,Cloudy,32.0
318,13.4,4.39,2,Night,Low,Clear,24.9
319,16.6,3.78,4,Night,High,Cloudy,42.2
320,14.3,4.63,5,Morning,Medium,Rainy,38.5
321,15.5,5.11,7,Morning,Medium,Clear,44.4
322,18.0,6.06,4,Morning,Jam,Rainy,64.5
323,10.9,4.86,7,Afternoon,High,Cloudy,49.9
324,25.5,5.97,4,Night,Low,Clear,51.8
325,10.0,5.13,2,Morning,Medium,Clear,35.0
326,8.9,1.05,4,Evening,Medium,Clear,19.9
327,20.8,3.12,2,Night,High,Cloudy,43.1
328,19.0,4.71,1,Evening,High,Cloudy,50.4
329,18.1,2.58,7,Afternoon,Medium,Rainy,38.7
330,18.1,6.2,5,Morning,Medium,Stormy,49.8
331,14.9,8.06,4,Evening,High,Cloudy,58.1
332,10.5,7.44,2,Afternoon,Low,Cloudy,35.5
333,15.4,4.57,3,Morning,Low,Clear,29.2
334,11.6,7.98,7,Evening,Medium,Cloudy,61.5
335,19.9,5.3,4,Evening,Low,Clear,47.4
336,14.3,4.33,6,Afternoon,Low,Cloudy,38.6
337,10.9,3.77,1,Morning,High,Clear,36.7
338,13.4,4.4,1,Morning,Jam,Clear,44.8
339,17.1,4.22,3,Evening,Medium,Clear,38.7
340,12.2,5.34,2,Evening,Low,Clear,25.6
341,10.9,5.32,4,Evening,Low,Cloudy,32.2
342,16.2,5.01,7,Morning,Low,Clear,42.8
343,16.2,5.87,2,Afternoon,Low,Cloudy,42.7
344,12.5,7.38,1,Afternoon,Jam,Clear,52.4
345,12.6,6.9,2,Morning,Low,Cloudy,32.4
346,16.2,2.03,1,Night,Medium,Clear,27.0
347,7.8,0.5,2,Afternoon,Low,Clear,11.6
348,8.0,6.87,3,Evening,High,Cloudy,41.5
349,11.4,2.27,5,Night,High,Clear,37.8
350,13.9,4.55,3,Night,Jam,Clear,43.8
351,16.6,2.66,3,Afternoon,High,Clear,35.7
352,22.4,1.4,5,Night,Medium,Clear,39.8
353,19.3,6.08,5,Night,Low,Cloudy,51.1
354,14.2,6.52,4,Afternoon,Medium,Clear,43.8
355,14.9,3.85,7,Afternoon,Medium,Cloudy,39.1
356,10.0,0.5,7,Night,Medium,Rainy,26.5
357,14.9,3.91,4,Evening,Low,Clear,26.9
358,13.6,5.78,3,Morning,Low,Stormy,45.5
359,16.6,2.04,3,Night,Medium,Cloudy,36.0
360,10.9,5.37,1,Night,Medium,Cloudy,32.0
361,17.6,4.97,1,Evening,High,Cloudy,49.8
362,22.7,6.16,7,Night,Low,Cloudy,44.5
363,14.5,5.24,4,Night,Medium,Cloudy,42.2
364,17.0,3.05,6,Morning,Low,Clear,31.6
365,18.5,7.39,6,Morning,Low,Clear,51.7
366,13.0,4.68,4,Morning,Medium,Clear,36.0
367,16.1,4.95,1,Afternoon,Low,Clear,31.2
368,15.1,3.13,7,Afternoon,Low,Clear,38.6
369,15.5,4.11,7,Morning,Medium,Clear,40.3
370,11.1,3.23,1,Morning,Low,Clear,21.8
371,15.1,4.65,6,Afternoon,Low,Cloudy,36.1
372,17.5,8.42,2,Evening,Low,Rainy,54.8
373,22.3,2.26,2,Night,Low,Rainy,33.0
374,19.8,1.77,1,Night,Low,Clear,25.2
375,25.8,7.94,2,Morning,Medium,Cloudy,60.3
376,11.2,4.58,5,Evening,Low,Rainy,37.4
377,19.4,3.66,4,Afternoon,Low,Clear,40.5
378,15.9,7.08,4,Morning,Medium,Clear,51.9
379,25.9,3.79,1,Evening,Medium,Rainy,50.4
380,11.0,8.65,3,Evening,High,Cloudy,56.7
381,10.8,6.36,6,Evening,High,Clear,53.1
382,12.0,4.02,1,Afternoon,High,Clear,32.2
383,5.0,9.31,2,Afternoon,Medium,Clear,45.2
384,12.4,3.79,6,Night,Medium,Rainy,40.9
385,11.2,6.48,3,Night,Medium,Cloudy,40.5
386,15.8,5.6,2,Evening,Low,Clear,37.9
387,16.7,7.6,7,Evening,Low,Clear,50.5
388,24.4,8.12,5,Afternoon,Low,Cloudy,62.0
389,19.8,5.06,2,Night,Jam,Cloudy,51.2
390,12.1,3.49,5,Evening,Medium,Clear,36.0
391,10.5,5.92,6,Night,High,Rainy,44.8
392,17.5,3.64,5,Night,Medium,Clear,39.6
393,8.4,9.03,6,Evening,Medium,Clear,55.8
394,24.2,5.27,6,Afternoon,Low,Cloudy,46.8
395,20.9,4.27,6,Evening,Low,Clear,40.8
396,12.7,5.37,6,Evening,High,Rainy,44.0
397,6.4,2.31,6,Night,Medium,Cloudy,21.7
398,21.8,3.06,2,Evening,Medium,Cloudy,40.2
399,14.4,7.4,6,Afternoon,High,Clear,61.5
400,21.2,3.69,2,Evening,Low,Clear,33.2
401,7.0,2.91,6,Afternoon,Jam,Clear,35.3
402,12.0,6.07,5,Afternoon,Medium,Cloudy,44.4
403,15.0,7.37,7,Night,Medium,Cloudy,57.4
404,15.2,6.44,6,Morning,Medium,Rainy,50.4
405,12.7,6.99,3,Morning,Low,Cloudy,45.6
406,18.1,3.49,6,Night,Low,Rainy,37.0
407,9.7,2.16,6,Evening,Medium,Cloudy,32.0
408,14.3,8.0,5,Night,High,Clear,45.1
409,15.6,4.35,4,Afternoon,High,Clear,49.8
410,17.6,4.5,5,Morning,Low,Cloudy,44.6
411,18.6,7.66,3,Night,Medium,Clear,53.9
412,9.4,6.11,4,Evening,Low,Clear,25.0
413,7.3,5.91,1,Night,Low,Cloudy,28.0
414,21.4,9.33,1,Morning,Medium,Rainy,53.4
415,16.7,3.71,3,Night,Medium,Clear,30.8
416,11.3,6.86,5,Night,Low,Cloudy,38.0
417,22.8,5.11,2,Morning,Low,Rainy,51.3
418,15.6,5.54,3,Afternoon,Jam,Clear,54.4
419,20.9,8.06,7,Afternoon,Low,Clear,58.4
420,15.3,6.02,4,Morning,Medium,Clear,38.2
421,25.3,6.08,4,Night,Medium,Cloudy,55.0
422,23.8,7.15,6,Morning,Low,Cloudy,55.9
423,13.8,4.27,1,Afternoon,Low,Rainy,35.9
424,19.9,3.32,4,Evening,Medium,Cloudy,41.8
425,18.2,2.91,3,Night,High,Clear,41.6
426,21.8,1.07,4,Afternoon,Medium,Clear,33.4
427,10.2,9.11,3,Night,Medium,Cloudy,40.4
428,18.4,2.79,2,Morning,Jam,Clear,43.1
429,20.3,4.56,6,Evening,High,Clear,46.7
430,6.2,4.45,1,Morning,Medium,Clear,23.0
431,9.1,5.61,4,Evening,Medium,Clear,32.9
432,5.0,6.63,3,Night,Medium,Clear,39.2
433,13.7,6.72,5,Night,Medium,Clear,48.3
434,18.6,3.83,1,Morning,Medium,Clear,33.6
435,22.5,4.67,2,Evening,Medium,Clear,40.0
436,15.4,5.57,3,Evening,Low,Cloudy,37.3
437,23.1,4.5,7,Night,Medium,Rainy,57.6
438,8.1,8.21,7,Morning,Low,Clear,37.1
439,6.5,5.98,6,Evening,Low,Cloudy,34.0
440,14.7,6.47,6,Night,Low,Clear,40.7
441,16.9,6.33,2,Afternoon,Medium,Cloudy,49.0
442,14.8,7.35,2,Morning,Medium,Rainy,48.2
443,5.0,5.36,6,Afternoon,Low,Cloudy,33.5
444,14.6,2.41,4,Morning,Medium,Rainy,36.4
445,8.5,5.8,4,Night,Medium,Clear,30.2
446,18.3,3.7,3,Evening,Low,Clear,33.4
447,16.8,3.94,5,Evening,Medium,Rainy,41.9
448,10.3,6.17,3,Evening,High,Clear,46.9
449,12.4,7.48,5,Morning,High,Clear,54.0
450,9.7,5.04,2,Night,Medium,Cloudy,38.9
451,14.7,5.62,1,Afternoon,Medium,Rainy,47.3
452,19.8,8.4,3,Night,Low,Rainy,54.8
453,10.1,5.48,3,Afternoon,Low,Clear,30.1
454,17.5,10.2,5,Morning,Low,Rainy,58.6
455,12.3,6.13,2,Morning,Jam,Clear,55.3
456,11.0,1.48,2,Afternoon,Low,Clear,18.8
457,14.5,6.51,7,Afternoon,Low,Cloudy,34.5
458,9.8,5.76,5,Afternoon,High,Clear,42.9
459,12.2,7.58,2,Night,Jam,Clear,48.9
460,9.0,6.35,6,Afternoon,High,Cloudy,44.4
461,24.8,4.72,4,Morning,Low,Clear,43.1
462,15.2,2.55,7,Morning,Low,Clear,27.9
463,11.5,4.58,6,Evening,Medium,Clear,45.0
464,16.1,3.3,1,Afternoon,Low,Clear,26.4
465,14.4,3.84,3,Night,Low,Clear,26.8
466,13.9,6.18,7,Night,Medium,Cloudy,40.5
467,18.1,8.34,1,Night,Jam,Cloudy,63.9
468,18.8,5.79,3,Evening,Medium,Clear,42.5
469,12.3,2.61,4,Morning,Medium,Rainy,33.7
470,12.1,5.89,2,Night,Medium,Clear,32.9
471,13.6,7.39,6,Morning,Low,Clear,39.0
472,5.0,3.78,5,Evening,Medium,Rainy,31.6
473,7.4,4.73,6,Afternoon,Low,Clear,31.5
474,21.8,5.03,4,Afternoon,Low,Stormy,46.3
475,23.2,3.43,1,Afternoon,High,Clear,45.2
476,13.8,6.3,5,Night,Low,Cloudy,41.4
477,17.9,4.76,2,Afternoon,Jam,Clear,49.5
478,16.6,5.84,4,Night,Low,Clear,38.2
479,30.4,3.23,5,Evening,Medium,Clear,52.4
480,20.6,4.13,4,Evening,Medium,Cloudy,45.9
481,14.4,6.44,4,Night,Low,Cloudy,44.9
482,10.2,4.25,2,Morning,Low,Rainy,30.6
483,7.0,8.45,7,Afternoon,Medium,Clear,49.0
484,16.0,4.2,3,Afternoon,High,Clear,45.7
485,11.2,5.45,5,Afternoon,High,Clear,44.1
486,7.9,6.87,2,Night,Medium,Cloudy,35.1
487,11.8,2.16,4,Evening,High,Rainy,38.6
488,9.6,1.48,2,Afternoon,Medium,Clear,22.8
489,23.4,1.95,7,Evening,High,Cloudy,54.0
490,19.4,7.53,3,Afternoon,Medium,Clear,46.1
491,15.0,3.9,6,Afternoon,Medium,Cloudy,37.7
492,22.4,10.12,5,Night,High,Rainy,74.3
493,15.4,3.87,3,Morning,Medium,Clear,34.4
494,10.7,5.37,1,Night,High,Clear,34.1
495,22.6,8.08,5,Afternoon,Medium,Stormy,65.5
496,17.7,9.01,3,Afternoon,Low,Rainy,56.0
497,9.8,9.12,4,Morning,Low,Cloudy,46.7
498,14.0,7.42,5,Evening,Medium,Cloudy,43.9
499,10.6,7.05,5,Evening,Medium,Clear,37.9
500,8.1,6.19,2,Afternoon,High,Cloudy,35.5
501,19.6,6.56,4,Evening,Low,Rainy,56.4
502,24.5,3.9,1,Afternoon,High,Cloudy,49.1
503,8.0,3.36,6,Morning,High,Clear,33.7
504,17.8,4.99,7,Morning,Low,Clear,31.8
505,11.7,4.66,3,Afternoon,High,Clear,42.5
506,12.6,4.09,2,Morning,Jam,Clear,41.4
507,12.0,6.39,3,Night,High,Clear,42.3
508,10.7,6.91,1,Night,High,Clear,37.3
509,15.2,5.18,1,Morning,Jam,Clear,46.2
510,10.8,7.96,5,Afternoon,Medium,Clear,51.9
511,16.4,2.72,7,Afternoon,Medium,Cloudy,37.9
512,14.7,4.61,1,Morning,High,Clear,41.1
513,13.8,3.57,3,Evening,Medium,Clear,32.9
514,10.5,1.27,4,Night,Medium,Clear,23.2
515,12.1,4.83,4,Evening,Low,Clear,30.5
516,18.8,4.76,5,Afternoon,High,Cloudy,54.8
517,17.5,8.03,6,Afternoon,Low,Clear,48.0
518,10.1,6.26,3,Evening,Jam,Cloudy,54.6
519,15.5,2.95,3,Morning,Medium,Rainy,36.4
520,18.8,8.71,1,Evening,Low,Cloudy,45.3
521,6.7,7.44,7,Evening,Medium,Cloudy,41.4
522,17.7,6.16,3,Night,Low,Rainy,48.5
523,11.7,4.55,2,Night,Medium,Cloudy,35.8
524,17.9,3.08,6,Evening,Jam,Clear,51.6
525,11.2,4.26,1,Evening,High,Clear,38.6
526,6.0,7.18,2,Afternoon,Low,Rainy,36.3
527,6.9,8.77,5,Night,Low,Clear,40.1
528,15.2,8.09,4,Night,High,Clear,62.1
529,16.3,4.02,5,Afternoon,Jam,Cloudy,54.1
530,10.5,2.76,4,Morning,Medium,Rainy,28.9
531,18.2,5.28,5,Night,Medium,Clear,48.9
532,6.7,1.46,3,Night,Medium,Cloudy,21.2
533,14.7,5.65,2,Morning,High,Clear,40.0
534,8.9,4.7,4,Night,Medium,Cloudy,34.1
535,11.7,4.07,1,Night,Low,Clear,28.5
536,15.2,1.81,2,Morning,Low,Clear,21.4
537,10.7,6.03,1,Morning,High,Rainy,47.4
538,13.1,3.93,2,Evening,Low,Clear,24.0
539,20.0,2.66,2,Afternoon,Medium,Cloudy,38.0
540,12.1,0.5,5,Afternoon,Medium,Clear,27.3
541,19.2,4.94,4,Morning,Low,Clear,41.3
542,9.4,8.54,4,Morning,Low,Cloudy,37.0
543,17.6,8.32,7,Night,High,Clear,63.5
544,22.2,4.09,2,Evening,High,Clear,51.7
545,5.0,3.8,3,Evening,High,Clear,30.5
546,11.0,5.94,3,Morning,High,Cloudy,45.6
547,17.9,3.0,1,Night,Medium,Rainy,40.0
548,14.0,5.6,1,Night,High,Stormy,47.2
549,16.9,6.53,5,Afternoon,Medium,Clear,50.7
550,12.0,7.45,2,Afternoon,Medium,Clear,47.5
551,15.4,4.8,1,Night,Jam,Clear,42.0
552,14.2,4.59,1,Afternoon,Low,Rainy,33.9
553,20.8,3.24,6,Morning,Medium,Clear,37.8
554,16.3,3.35,2,Night,Medium,Stormy,45.1
555,16.7,4.55,5,Afternoon,Low,Clear,36.3
556,12.9,5.73,1,Evening,Low,Stormy,39.7
557,12.6,6.83,5,Night,High,Rainy,56.2
558,12.8,3.39,4,Night,Jam,Rainy,45.6
559,17.0,7.99,5,Evening,Medium,Clear,52.4
560,12.9,4.46,3,Morning,Low,Clear,26.3
561,16.4,4.96,3,Evening,Low,Clear,37.1
562,25.4,3.51,5,Night,High,Clear,52.2
563,19.4,0.5,3,Morning,Medium,Clear,30.7
564,13.4,6.77,4,Afternoon,Medium,Cloudy,46.4
565,21.0,6.47,2,Afternoon,Medium,Clear,45.4
566,13.0,4.44,3,Afternoon,Medium,Cloudy,38.3
567,5.0,5.13,3,Night,Medium,Cloudy,33.4
568,10.0,6.03,5,Evening,High,Clear,41.6
569,5.6,1.87,4,Morning,Medium,Stormy,28.6
570,13.2,3.94,7,Afternoon,Medium,Clear,37.7
571,15.1,6.59,7,Morning,Medium,Clear,45.0
572,23.4,2.49,7,Night,High,Clear,46.9
573,16.6,5.59,7,Afternoon,Medium,Rainy,47.2
574,13.9,2.29,2,Night,Low,Clear,20.3
575,19.1,5.93,5,Evening,Medium,Clear,43.4
576,5.0,4.93,5,Night,Low,Cloudy,27.1
577,16.2,1.77,6,Night,High,Clear,34.1
578,18.9,7.33,4,Evening,Medium,Cloudy,50.0
579,7.6,3.53,7,Morning,Jam,Rainy,53.2
580,20.7,3.38,2,Evening,Low,Stormy,40.9
581,16.7,5.4,4,Evening,High,Clear,51.7
582,12.9,7.3,7,Night,Medium,Clear,40.8
583,18.2,2.97,2,Morning,High,Clear,41.3
584,26.4,5.12,4,Afternoon,Medium,Clear,47.4
585,15.9,5.86,5,Evening,Medium,Clear,48.3
586,16.2,6.39,5,Morning,High,Clear,54.8
587,12.7,5.35,1,Evening,Low,Stormy,34.9
588,10.8,4.27,3,Evening,Low,Rainy,37.4
589,19.2,3.34,7,Evening,Medium,Clear,38.7
590,10.7,5.17,6,Evening,Medium,Clear,40.0
591,15.4,2.86,4,Night,Low,Clear,29.3
592,12.6,0.5,6,Morning,Low,Clear,21.9
593,17.4,5.87,1,Morning,Low,Cloudy,38.0
594,16.7,6.81,3,Morning,High,Cloudy,51.5
595,20.2,0.5,4,Evening,Medium,Rainy,36.5
596,12.4,2.98,2,Night,High,Cloudy,38.3
597,13.7,6.24,7,Evening,Jam,Cloudy,67.2
598,10.1,9.11,3,Evening,Medium,Cloudy,53.4
599,12.8,5.04,5,Morning,Low,Clear,28.4
600,16.9,3.54,1,Evening,Low,Cloudy,34.4
601,18.8,4.63,3,Afternoon,Low,Clear,34.0
602,10.4,7.75,7,Evening,Jam,Clear,49.6
603,19.3,3.71,3,Afternoon,Medium,Clear,37.6
604,21.8,3.4,7,Evening,Low,Clear,37.0
605,17.1,4.03,5,Night,Medium,Rainy,37.9
606,24.4,3.09,4,Night,Medium,Clear,45.7
607,11.1,5.25,2,Morning,Medium,Clear,34.3
608,8.8,8.25,5,Evening,Low,Clear,37.8
609,6.1,5.65,2,Afternoon,Jam,Cloudy,46.2
610,22.5,4.5,4,Afternoon,Medium,Clear,47.7
611,18.3,4.42,3,Evening,Low,Stormy,40.2
612,14.7,1.87,2,Afternoon,High,Rainy,37.7
613,16.4,6.77,1,Night,Low,Cloudy,46.2
614,9.4,4.84,1,Afternoon,Jam,Cloudy,38.1
615,27.2,4.64,7,Morning,Jam,Clear,61.9
616,15.6,11.39,5,Night,High,Clear,66.6
617,15.5,5.6,4,Night,High,Cloudy,46.7
618,18.6,3.5,7,Night,Medium,Clear,42.2
619,17.4,4.15,5,Evening,Jam,Clear,49.5
620,16.1,7.3,5,Evening,Medium,Cloudy,52.5
621,11.0,5.23,7,Night,High,Clear,49.0
622,17.4,2.12,6,Evening,Jam,Rainy,46.6
623,24.4,6.84,5,Afternoon,Jam,Clear,65.6
624,21.7,3.66,6,Evening,High,Cloudy,48.6
625,23.0,8.75,1,Evening,Medium,Cloudy,56.0
626,12.4,7.16,1,Night,Jam,Cloudy,55.2
627,10.1,4.11,5,Morning,Medium,Clear,33.4
628,14.4,7.56,1,Morning,Jam,Cloudy,50.4
629,15.3,5.14,4,Morning,Medium,Rainy,48.7
630,20.5,6.71,6,Afternoon,Medium,Clear,54.9
631,6.5,5.97,6,Evening,Medium,Clear,38.8
632,22.6,3.31,5,Morning,Medium,Cloudy,40.3
633,14.2,3.71,1,Night,High,Cloudy,36.2
634,12.9,7.06,2,Morning,Medium,Clear,34.8
635,9.9,4.33,7,Morning,Medium,Rainy,34.6
636,6.7,4.19,7,Evening,Medium,Clear,31.6
637,19.1,3.09,6,Evening,High,Clear,47.8
638,15.4,5.85,5,Evening,Medium,Cloudy,46.2
639,8.6,9.13,5,Afternoon,Low,Cloudy,44.3
640,8.5,2.86,4,Afternoon,Low,Rainy,25.7
641,13.3,5.05,3,Morning,Low,Stormy,40.6
642,23.3,7.82,3,Evening,Medium,Clear,47.2
643,13.7,4.84,6,Morning,Low,Clear,44.1
644,7.5,5.9,7,Night,Low,Clear,41.1
645,13.8,2.88,4,Night,Jam,Cloudy,49.8
646,13.6,5.86,4,Evening,High,Rainy,57.4
647,5.0,4.63,4,Evening,Medium,Clear,27.6
648,14.7,6.97,6,Night,Jam,Clear,61.2
649,13.8,7.37,3,Evening,Low,Clear,34.7
650,18.5,10.18,7,Afternoon,Medium,Rainy,65.2
651,24.2,6.16,4,Afternoon,Medium,Clear,59.1
652,20.6,5.65,7,Evening,Medium,Clear,41.8
653,13.7,5.39,1,Night,Medium,Cloudy,41.4
654,9.5,4.29,5,Morning,Medium,Rainy,36.9
655,27.9,5.68,5,Evening,Medium,Cloudy,62.3
656,15.3,4.41,7,Evening,High,Cloudy,57.3
657,15.1,5.34,2,Morning,Low,Clear,34.3
658,14.9,7.64,2,Evening,Low,Cloudy,43.7
659,16.0,2.99,6,Morning,Low,Cloudy,31.0
660,14.3,7.28,6,Night,Low,Stormy,54.3
661,12.1,7.63,5,Afternoon,Medium,Clear,50.1
662,12.3,4.76,1,Night,Low,Clear,30.7
663,14.8,0.76,3,Afternoon,High,Clear,30.7
664,12.3,3.78,3,Morning,Low,Clear,29.4
665,11.4,7.59,6,Afternoon,Low,Rainy,56.4
666,15.5,4.95,1,Night,Medium,Clear,37.2
667,13.7,3.0,6,Afternoon,Low,Clear,28.0
668,22.5,3.99,3,Morning,Medium,Clear,41.5
669,5.0,6.68,7,Afternoon,Medium,Clear,36.9
670,20.5,6.09,6,Evening,Low,Clear,45.1
671,21.2,4.52,4,Night,Low,Clear,41.2
672,5.0,4.27,7,Evening,Medium,Clear,32.2
673,13.3,4.22,6,Morning,Low,Cloudy,36.0
674,13.1,3.16,5,Afternoon,Low,Cloudy,34.4
675,8.0,8.23,6,Evening,Low,Clear,33.9
676,11.1,4.36,5,Evening,Low,Stormy,37.5
677,9.4,7.43,1,Afternoon,Medium,Cloudy,44.3
678,23.8,8.04,3,Afternoon,Medium,Cloudy,66.4
679,19.7,7.0,7,Night,Medium,Clear,52.9
680,21.4,4.14,7,Evening,Low,Clear,48.1
681,18.6,5.81,2,Evening,Low,Clear,41.1
682,9.4,4.95,2,Morning,High,Clear,35.9
683,12.4,3.19,3,Night,Medium,Clear,32.5
684,17.4,5.65,2,Morning,High,Rainy,53.7
685,8.9,2.64,7,Evening,Medium,Clear,34.8
686,18.6,7.38,6,Morning,Medium,Clear,48.8
687,13.8,4.07,1,Evening,Medium,Cloudy,36.1
688,13.1,5.4,1,Evening,Medium,Clear,30.1
689,18.6,5.57,3,Morning,Medium,Cloudy,47.0
690,17.2,4.48,2,Morning,Medium,Cloudy,37.6
691,13.2,6.17,6,Afternoon,Low,Cloudy,38.2
692,20.8,4.05,1,Afternoon,Medium,Stormy,48.9
693,9.6,6.74,1,Afternoon,High,Clear,34.8
694,18.1,2.31,4,Evening,Jam,Cloudy,46.3
695,18.0,5.25,4,Morning,Medium,Rainy,49.2
696,13.5,8.88,7,Night,Medium,Cloudy,58.4
697,16.6,3.0,1,Evening,Low,Clear,29.1
698,8.7,3.64,3,Night,Medium,Rainy,34.5
699,19.6,6.03,5,Morning,Medium,Clear,49.9
700,14.1,5.36,5,Evening,Jam,Rainy,50.8
701,12.4,5.7,6,Night,Medium,Clear,41.7
702,20.2,5.98,1,Night,Medium,Cloudy,43.4
703,11.5,6.27,1,Afternoon,Medium,Rainy,42.5
704,8.0,7.22,7,Afternoon,High,Clear,41.7
705,7.2,5.82,1,Afternoon,Medium,Clear,25.8
706,18.0,4.52,3,Evening,Medium,Clear,43.6
707,8.6,6.35,4,Morning,Jam,Stormy,58.7
708,23.8,8.8,1,Morning,Low,Rainy,54.1
709,5.0,4.73,1,Afternoon,High,Cloudy,28.3
710,23.5,3.05,7,Afternoon,Low,Cloudy,39.9
711,16.1,7.21,2,Afternoon,High,Rainy,55.3
712,14.5,4.76,7,Night,Medium,Clear,46.7
713,12.3,0.65,7,Afternoon,Medium,Clear,29.5
714,17.0,6.69,3,Night,High,Cloudy,54.1
715,14.8,3.93,6,Morning,Low,Clear,33.4
716,20.5,4.82,1,Evening,Low,Clear,33.8
717,15.6,5.66,7,Evening,Medium,Clear,52.3
718,15.8,5.38,7,Evening,Medium,Clear,41.2
719,13.2,6.42,2,Evening,Medium,Rainy,40.6
720,14.7,4.13,7,Night,Low,Clear,30.8
721,16.5,6.03,5,Night,Low,Cloudy,41.6
722,6.4,4.48,6,Afternoon,Low,Clear,26.5
723,8.3,6.48,1,Night,Low,Clear,28.5
724,18.7,6.23,1,Afternoon,Medium,Clear,46.5
725,15.9,3.13,2,Afternoon,High,Cloudy,43.7
726,14.1,7.17,3,Evening,Jam,Cloudy,57.1
727,15.1,3.93,1,Night,High,Rainy,40.1
728,16.7,6.62,5,Night,Low,Cloudy,49.6
729,12.3,5.73,1,Afternoon,Medium,Cloudy,39.1
730,11.1,8.68,5,Afternoon,Low,Cloudy,50.1
731,16.0,4.55,6,Morning,Low,Rainy,41.8
732,10.1,4.3,6,Morning,Medium,Cloudy,37.3
733,17.0,4.96,4,Afternoon,Low,Clear,36.7
734,6.5,4.39,4,Morning,Low,Cloudy,29.5
735,20.1,6.6,5,Morning,Jam,Cloudy,62.2
736,17.4,1.77,3,Afternoon,Medium,Cloudy,35.5
737,16.3,2.89,1,Afternoon,Medium,Clear,29.6
738,19.9,2.86,7,Night,Low,Rainy,34.3
739,23.3,6.9,1,Afternoon,Low,Stormy,49.9
740,20.1,8.42,4,Afternoon,High,Clear,67.9
741,5.8,4.79,7,Evening,Low,Rainy,29.0
742,8.6,4.66,5,Night,Medium,Clear,34.7
743,11.9,5.14,7,Night,Low,Clear,37.3
744,15.1,7.32,1,Night,Medium,Clear,49.8
745,17.6,3.15,1,Evening,Low,Clear,27.4
746,11.4,5.48,3,Afternoon,High,Rainy,42.2
747,15.9,6.95,2,Night,High,Clear,53.4
748,11.2,6.0,7,Night,High,Clear,54.4
749,11.9,5.38,4,Morning,Low,Clear,32.8
750,8.0,7.0,4,Night,High,Clear,44.0
751,10.4,0.5,2,Afternoon,Medium,Clear,19.9
752,8.2,6.36,1,Afternoon,Medium,Cloudy,38.8
753,10.1,3.69,3,Morning,Medium,Clear,32.5
754,20.3,1.34,3,Night,Low,Rainy,33.1
755,10.3,6.02,4,Night,Low,Rainy,30.7
756,28.2,7.75,3,Night,High,Clear,72.5
757,17.5,4.73,6,Evening,Low,Rainy,45.5
758,15.9,6.91,2,Night,Medium,Clear,39.3
759,10.7,8.22,1,Afternoon,Medium,Clear,43.2
760,18.5,7.63,6,Afternoon,High,Clear,59.8
761,12.1,8.28,2,Evening,Jam,Clear,54.2
762,15.6,6.48,5,Evening,High,Cloudy,53.6
763,27.8,5.15,7,Night,Low,Cloudy,53.4
764,14.5,1.8,4,Morning,Low,Clear,25.0
765,20.7,4.51,3,Evening,Medium,Cloudy,41.8
766,11.5,3.31,5,Evening,Low,Clear,26.5
767,14.8,9.34,3,Night,Low,Cloudy,42.5
768,23.9,4.65,6,Night,Medium,Clear,54.6
769,11.9,5.25,1,Evening,Medium,Clear,35.9
770,24.1,6.1,1,Morning,Jam,Clear,63.6
771,18.5,5.09,1,Evening,Low,Clear,37.6
772,12.2,8.39,3,Night,Low,Cloudy,42.3
773,18.2,3.75,5,Night,Low,Rainy,47.4
774,19.9,5.39,1,Evening,Jam,Clear,49.1
775,18.1,3.52,5,Morning,High,Cloudy,48.1
776,7.1,2.36,3,Evening,High,Cloudy,30.6
777,11.4,3.78,6,Evening,Jam,Rainy,47.6
778,13.8,4.93,5,Night,Medium,Clear,39.7
779,14.6,4.14,6,Morning,Medium,Clear,41.4
780,18.1,3.62,3,Afternoon,Medium,Rainy,40.4
781,15.9,2.19,3,Morning,Medium,Cloudy,34.0
782,8.3,4.83,4,Evening,Medium,Clear,35.3
783,16.9,1.99,3,Evening,Medium,Clear,31.3
784,18.1,6.52,3,Evening,Jam,Clear,53.5
785,17.8,5.16,2,Morning,Jam,Cloudy,57.7
786,20.4,2.08,1,Night,High,Cloudy,39.3
787,19.2,4.38,4,Evening,High,Clear,48.5
788,17.3,3.5,7,Evening,Medium,Cloudy,42.0
789,14.6,5.64,4,Morning,Low,Cloudy,39.3
790,6.7,7.68,4,Afternoon,Low,Cloudy,43.8
791,17.1,1.25,7,Afternoon,Medium,Cloudy,37.9
792,16.0,5.23,2,Night,High,Rainy,49.5
793,16.4,4.68,6,Night,Low,Clear,33.4
794,8.6,6.34,3,Evening,Jam,Rainy,49.5
795,9.6,5.43,1,Morning,Low,Clear,24.3
796,20.3,3.5,5,Evening,Low,Clear,35.7
797,14.8,4.36,7,Night,Medium,Clear,38.4
798,18.4,3.41,6,Morning,Low,Clear,32.8
799,15.1,7.15,7,Morning,Low,Clear,41.0
800,15.1,5.04,3,Night,Medium,Clear,34.3
801,19.7,8.8,2,Afternoon,High,Rainy,60.8
802,12.4,4.88,7,Afternoon,Medium,Clear,48.4
803,15.5,3.58,3,Morning,Medium,Cloudy,38.1
804,12.7,1.97,3,Evening,Medium,Clear,26.9
805,12.8,1.39,2,Afternoon,Low,Rainy,24.1
806,13.5,1.83,4,Evening,Jam,Cloudy,40.8
807,16.1,5.53,4,Afternoon,Low,Clear,41.6
808,12.6,6.02,1,Afternoon,Jam,Cloudy,44.1
809,21.3,1.84,1,Evening,Medium,Cloudy,34.7
810,10.5,6.79,4,Night,Jam,Cloudy,51.9
811,14.1,4.03,6,Afternoon,Low,Cloudy,33.0
812,12.8,5.29,5,Afternoon,Medium,Cloudy,44.6
813,22.2,8.22,3,Evening,Low,Cloudy,51.8
814,16.0,6.79,5,Night,Low,Clear,43.1
815,20.2,4.46,3,Afternoon,Medium,Clear,44.0
816,7.6,3.22,4,Afternoon,Low,Rainy,26.4
817,16.3,0.7,1,Night,Medium,Clear,24.6
818,19.4,3.56,6,Afternoon,Low,Clear,33.0
819,15.4,4.58,1,Night,Medium,Clear,35.2
820,20.3,3.03,5,Night,High,Clear,45.4
821,12.4,4.74,1,Evening,Medium,Stormy,44.5
822,22.0,5.15,4,Morning,Medium,Clear,49.3
823,26.5,4.55,6,Night,Medium,Clear,54.8
824,13.2,3.7,5,Evening,High,Cloudy,42.2
825,12.8,5.34,6,Morning,Medium,Rainy,46.1
826,22.3,5.88,3,Afternoon,Medium,Clear,53.0
827,22.9,2.82,1,Morning,Jam,Clear,49.2
828,12.4,7.82,6,Night,High,Rainy,54.0
829,12.9,4.8,2,Night,Medium,Cloudy,39.1
830,13.6,5.04,1,Night,Medium,Clear,32.6
831,8.3,6.42,3,Night,High,Clear,38.0
832,10.4,5.47,6,Night,Medium,Clear,47.9
833,10.0,6.91,5,Evening,Low,Clear,40.6
834,11.2,5.57,3,Night,Low,Clear,29.4
835,14.8,3.78,2,Evening,High,Rainy,43.0
836,16.2,5.72,6,Afternoon,Low,Clear,39.3
837,22.8,2.71,7,Night,High,Cloudy,53.4
838,10.0,5.22,7,Night,Medium,Clear,34.7
839,19.9,4.93,4,Morning,Medium,Cloudy,43.1
840,13.9,4.58,1,Afternoon,Low,Cloudy,30.9
841,14.8,4.74,5,Night,Low,Clear,33.2
842,18.4,1.24,4,Night,Jam,Cloudy,41.8
843,9.4,3.9,6,Afternoon,High,Clear,44.7
844,16.9,5.19,7,Evening,Medium,Rainy,53.3
845,15.8,5.32,7,Night,Medium,Rainy,50.6
846,17.5,2.94,7,Morning,Medium,Clear,48.1
847,16.4,7.53,6,Night,Medium,Clear,57.5
848,27.3,3.27,7,Morning,Medium,Clear,54.5
849,11.8,6.94,3,Morning,Low,Cloudy,42.5
850,12.3,5.85,6,Night,Medium,Clear,45.8
851,11.9,3.71,5,Night,High,Clear,41.2
852,12.2,8.55,4,Morning,Jam,Clear,66.1
853,11.8,2.61,5,Afternoon,Low,Clear,27.6
854,20.9,6.84,2,Afternoon,High,Cloudy,53.7
855,22.1,7.0,7,Night,Medium,Clear,65.2
856,12.1,3.66,2,Evening,Medium,Cloudy,33.6
857,10.8,7.78,1,Afternoon,Low,Clear,30.8
858,17.4,4.5,1,Night,Medium,Clear,36.4
859,12.2,5.58,2,Afternoon,Medium,Cloudy,40.3
860,18.2,5.52,6,Evening,Medium,Stormy,58.5
861,16.0,4.73,5,Night,High,Cloudy,51.3
862,7.4,6.62,2,Evening,High,Clear,44.2
863,22.7,6.59,1,Night,Medium,Clear,49.8
864,24.0,1.5,2,Evening,Jam,Rainy,51.3
865,11.9,7.61,6,Afternoon,Medium,Clear,46.6
866,13.1,1.68,2,Afternoon,Low,Clear,20.2
867,16.4,7.07,5,Evening,Medium,Rainy,52.4
868,16.7,7.25,4,Evening,Low,Rainy,47.8
869,18.3,2.82,6,Evening,Medium,Stormy,45.0
870,25.1,4.18,1,Night,Low,Rainy,48.1
871,14.1,2.79,5,Afternoon,Low,Rainy,29.7
872,11.0,4.57,2,Night,High,Clear,36.2
873,8.1,4.38,2,Afternoon,Low,Clear,24.6
874,11.3,6.56,4,Morning,Medium,Cloudy,50.1
875,14.8,7.62,1,Night,Low,Cloudy,36.4
876,24.0,7.79,1,Afternoon,Medium,Clear,50.8
877,12.4,3.88,3,Afternoon,Medium,Clear,31.0
878,16.1,4.58,1,Night,High,Clear,43.3
879,14.9,1.63,4,Night,Medium,Cloudy,29.0
880,20.9,3.39,7,Afternoon,Low,Clear,36.7
881,27.6,6.93,3,Night,Medium,Clear,55.1
882,12.3,8.23,3,Evening,Low,Cloudy,49.6
883,12.6,2.53,2,Night,Medium,Cloudy,29.3
884,20.2,3.82,2,Night,Medium,Clear,37.6
885,18.4,4.95,1,Night,Jam,Cloudy,52.4
886,24.2,5.56,3,Afternoon,Low,Cloudy,51.3
887,17.9,3.38,2,Evening,Medium,Clear,36.3
888,13.2,5.85,4,Morning,Low,Clear,44.2
889,18.0,4.05,2,Morning,Medium,Clear,39.7
890,20.5,4.97,6,Evening,Medium,Clear,45.9
891,19.1,6.09,6,Evening,Jam,Rainy,64.3
892,17.5,5.01,2,Evening,Low,Clear,33.4
893,20.3,4.13,3,Afternoon,Low,Cloudy,37.8
894,20.8,4.78,7,Morning,Medium,Clear,50.8
895,21.9,4.82,7,Evening,Low,Clear,44.3
896,18.2,4.26,3,Afternoon,Low,Cloudy,38.9
897,14.2,4.48,5,Morning,Medium,Clear,34.2
898,15.7,8.2,7,Night,Low,Clear,55.1
899,21.0,6.12,6,Afternoon,Low,Clear,45.3
900,10.9,4.41,4,Morning,High,Clear,37.1
901,16.8,6.39,3,Afternoon,Medium,Cloudy,51.2
902,13.0,4.33,1,Morning,Low,Clear,28.1
903,15.1,7.35,6,Morning,Low,Rainy,53.7
904,21.4,5.74,4,Night,Medium,Cloudy,48.8
905,16.0,4.79,4,Afternoon,Low,Clear,37.4
906,15.2,5.9,3,Evening,Medium,Clear,43.7
907,8.2,1.86,4,Night,Low,Clear,20.6
908,18.7,2.75,3,Night,Medium,Cloudy,38.3
909,18.2,2.61,7,Morning,Medium,Clear,47.0
910,25.8,5.29,2,Evening,Medium,Rainy,57.3
911,13.5,8.47,6,Afternoon,High,Clear,65.9
912,16.1,9.46,5,Evening,Medium,Rainy,66.8
913,16.2,6.28,2,Evening,Low,Clear,39.8
914,22.9,6.0,6,Evening,Low,Rainy,51.5
915,14.5,1.4,3,Evening,Medium,Clear,26.7
916,16.4,3.91,6,Evening,Low,Clear,36.4
917,18.0,3.42,7,Morning,Low,Clear,34.0
918,15.9,3.76,3,Morning,High,Clear,39.6
919,12.8,4.66,2,Night,Medium,Stormy,41.6
920,16.0,4.06,1,Morning,Medium,Clear,32.1
921,20.4,1.04,1,Night,Medium,Clear,30.6
922,9.9,6.5,6,Night,Medium,Cloudy,44.5
923,15.7,2.85,1,Afternoon,Low,Clear,25.0
924,11.5,5.48,3,Evening,High,Cloudy,40.4
925,21.0,9.15,4,Morning,Low,Cloudy,61.4
926,7.4,3.16,3,Afternoon,High,Clear,30.5
927,12.2,0.5,4,Morning,High,Rainy,36.4
928,16.9,4.43,2,Night,High,Clear,44.0
929,22.8,7.2,5,Morning,Medium,Clear,52.7
930,14.7,8.92,4,Evening,Low,Cloudy,50.3
931,12.2,2.54,1,Night,Medium,Cloudy,31.2
932,24.4,5.99,3,Night,Medium,Clear,53.3
933,7.8,4.07,2,Afternoon,Medium,Cloudy,30.1
934,5.0,4.79,1,Evening,High,Clear,28.8
935,17.2,10.29,2,Night,Medium,Clear,60.9
936,12.5,1.99,5,Evening,Low,Rainy,27.8
937,9.9,5.51,7,Morning,Low,Clear,33.9
938,18.5,5.94,3,Evening,Medium,Clear,44.9
939,16.2,7.17,6,Night,Medium,Rainy,55.5
940,12.2,5.2,3,Afternoon,High,Stormy,49.2
941,8.6,5.62,5,Night,Medium,Clear,29.5
942,19.4,4.22,3,Evening,High,Cloudy,46.8
943,18.3,5.54,6,Evening,High,Cloudy,55.4
944,14.5,4.31,4,Night,High,Rainy,41.5
945,24.2,6.24,2,Evening,Low,Rainy,47.9
946,9.6,4.26,6,Morning,High,Clear,46.0
947,7.4,5.75,1,Night,Low,Clear,26.3
948,11.5,4.94,5,Afternoon,Low,Clear,34.6
949,14.8,7.25,4,Night,Medium,Cloudy,46.2
950,16.2,4.9,1,Morning,Medium,Cloudy,40.6
951,13.8,1.45,1,Morning,Low,Cloudy,20.3
952,16.8,7.52,5,Morning,Low,Stormy,59.2
953,8.7,3.19,4,Morning,Low,Clear,22.8
954,22.2,3.69,7,Morning,Jam,Clear,55.8
955,14.6,3.81,1,Afternoon,Low,Clear,26.4
956,20.6,7.75,1,Evening,Low,Clear,48.3
957,16.7,0.73,4,Morning,Medium,Clear,31.7
958,17.3,11.28,3,Morning,Medium,Clear,59.4
959,17.8,7.11,1,Night,Jam,Cloudy,53.0
960,17.2,5.45,2,Afternoon,Low,Rainy,41.9
961,18.2,4.89,4,Afternoon,Medium,Cloudy,49.0
962,21.6,5.57,1,Evening,Medium,Cloudy,49.8
963,16.0,6.04,5,Afternoon,Jam,Clear,53.3
964,18.5,6.29,6,Night,Medium,Cloudy,50.2
965,14.6,6.11,2,Night,High,Cloudy,53.0
966,22.2,5.18,6,Evening,Low,Cloudy,49.4
967,11.6,4.61,6,Night,Medium,Clear,38.3
968,24.0,4.7,1,Morning,Medium,Clear,48.6
969,14.8,4.61,2,Morning,High,Clear,45.1
970,7.8,7.27,2,Night,Low,Cloudy,34.8
971,15.6,6.19,3,Evening,Low,Rainy,42.1
972,11.6,0.5,6,Afternoon,Medium,Rainy,29.4
973,19.2,6.31,2,Evening,Low,Clear,42.6
974,11.7,5.39,3,Afternoon,Low,Cloudy,32.8
975,12.8,4.96,4,Night,Jam,Rainy,50.8
976,5.6,4.22,3,Night,Medium,Clear,25.5
977,12.7,7.25,5,Morning,Medium,Clear,44.3
978,5.0,6.9,7,Afternoon,High,Rainy,47.4
979,7.1,3.45,1,Evening,Medium,Clear,25.0
980,18.8,5.81,4,Night,Low,Rainy,49.0
981,18.9,3.06,7,Evening,Low,Stormy,50.2
982,17.1,2.24,7,Morning,Medium,Cloudy,44.7
983,10.2,3.75,4,Afternoon,Medium,Rainy,32.2
984,14.8,6.72,5,Afternoon,Medium,Cloudy,49.8
985,15.0,6.91,3,Night,Low,Cloudy,48.1
986,9.2,6.03,1,Afternoon,Medium,Clear,32.6
987,22.5,6.45,3,Night,Jam,Clear,59.8
988,19.4,6.03,2,Morning,High,Clear,56.2
989,13.9,3.72,3,Afternoon,High,Cloudy,37.8
990,15.1,5.86,4,Night,High,Clear,50.4
991,16.0,6.6,1,Evening,Medium,Clear,42.2
992,5.0,6.51,3,Night,High,Clear,36.7
993,13.8,7.38,1,Afternoon,Low,Cloudy,44.3
994,11.6,6.42,1,Morning,Medium,Stormy,52.8
995,10.0,5.7,2,Afternoon,Medium,Stormy,48.7
996,13.6,7.14,2,Afternoon,Low,Clear,33.5
997,24.0,4.95,4,Night,High,Rainy,53.5
998,18.2,3.24,5,Evening,Jam,Cloudy,54.8
999,12.1,4.67,7,Afternoon,Low,Cloudy,36.3
1000,17.9,3.51,1,Evening,High,Cloudy,42.9
